model,topic,label,doc_id,score,complaint
LSA,C1+,"Component 1, + pole",1238069,0.6671014428138733,"Hi I am submitting this this is not any influence and this is not a third party. has low and unfair credit number for me in their report. I have complained more than 88 times nonstop this is exhausting im they are not putting these fraudulent inquiries in dispute and accounts and they still have not deleted them either I am depressed. The problem has not been resolved. my fico has me at a credit score over 709 has me at a score around 590. That is a huge difference. paints me as a . my fico say I have good credit. What the heck is going on here. i have almost no debt and my identity was stolen causing my score to drop n i made this clear for 90 days straight with i spoke to a representative agent name from the fraud department I prefer to speak to a us rept but they refused they had me on mute for 4 hours which was hurtful I have a perfect repayment record. I have very low credit utilization. I have one negative credit items outstanding debt now that is not mines. I have modest but ok income. Social Security. Something is wrong with . I do not understand why they are abusing consumers they do not help you at all This was a first step towards attempting resolution. They kept lying telling me they disputed n its not reporting but it keep reporting this inaccurate information without my authorization. They refused or were unable to verify n remove the inquiries and negative account its been 60days n they record the calls n admitted they had my police report ftc and affidavit That was after attempting to contact more than 88 times in the last 120 days. is an abusive company. They are supposed to be protecting consumers. They need to be reigned in. they are causing me severe and stopping me from getting this job offer n now im homeless n cant provide to my PLEASE HELP ME PLEASE im now.with no help they keep ignoring me after I keep telling them repeatedly they are hurting my character of my name they will not respond and it not even in investigation with and me and my son are bout to be homeless please help I cant live like this The credit bureaus never did a proper "" investigation '' according to the FCRA. Section 1681a of the Fair Credit Reporting Act defines an investigative consumer report as a consumer report or portion thereof in which information on a consumer 's character, general reputation, personal characteristics, or mode of living is obtained through personal interviews with neighbors, friends, or associates of the consumer reported on or with others with whom he is acquainted or who may have knowledge concerning any such items of information. They did not do this. Also they have violated my rights even more. The credit bureaus stated my account was properly investigated but how is that possible if I never gave these creditors WRITTEN CONSENT OR AUTHORIZATION TO USE MY PERSONAL INFORMATION TO OPEN OR CLOSE ANY ACCOUNT. THESE BALANCES IS IN ACCURATE, PAYMENT STATUS AND HISTORY IN ACCURATE, LAST ACTIVITY DATE IS IN ACCURATE, ALL INFORMATION REGARDING THESE NEGATIVE INSTALLMENT LOAN IS INACCURATE.Someone is using my personal information pretending to be me to obtain credit. I do not know anything about this fraudulent account. I do not have any closed OR OPEN accounts with THESE LISTED CREDITORS BELOW WITH MY DOCUMENTATION. Also they have violated my rights even more In accordance with the Fair Credit Reporting Everything has to be 100 % accurate on my credit report. The credit bureaus stated it was properly investigated but how is that even possible if THESE CREDITORS DID NOT GET ANY WRITTEN SIGNATURE, CONSENT OR AUTHORIZATION FROM ME. This account is fraud and does not belong to me, this is in accurate, I have never opened or closed any account with THESE CREDITORS I ask for documents with signature or authorization, they did not submit my request.This grounds for removal and deletion immediately. I never gave THESE CREDITORS ANY WRITTEN CONSENT OR AUTHORIZATION TO USE MY PERSONAL INFORMATION TO OPEN THIS ACCOUNT. THIS IS FRAUD. I have ASK FOR SIGNED DOCUMENTS WITH MY SIGNATURE GIVING WRITTEN CONSENT TO OPEN THIS FRAUDULENT CREDIT ACCOUNTS. SOMEONE USE MY PERSONAL INFORMATION PRETENDING TO BE ME WITHOUT MY AUTHORIZATION OR CONSENT TO OPEN OR CLOSE ANY CREDIT ACCOUNT WITH THESE CREDITORS BELOW They also violated the law because according to 15 U.S.C 1681 section 602 A. states i have the rights to privacy 15 U.S.C 1681 section 604 section 2 : it also states a consumer reporting agency can not furnish a account without my written consent. In accordance with the Fair Credit Reporting act WITH THESE CREDITORS BELOW EQUIFAX AND AND has violated my rights. 15 U.S.C 1681 section 602 A. States I have the right to privacy. 15 U.S.C 1681 Section 604 A Section 2 : It also states a consumer reporting agency can not furnish a account without my written instructions 15 U.S.C 1666B : A creditor may not treat a payment on a credit card account under an open end consumer credit plan as late for any purpose SECTION 604 15 U.S CODE 1681 B THE LAW STATES THAT NO ONE CAN FURNISH INFORMATION ON MY CREDIT REPORT WITHOUT MY CONSENT. SECTION 605 A 15 U.S CODE 1681 C-1 WITH NO WRITTEN CONSENT OR INSTRUCTIONS THAT WOULD IN FACT BE IDENTITY THEFT SECTION 605 B 15 U.S CODE 1681C A copy of section 605B of the Fair Credit Reporting Act, whichrequires you to block the.fraudulent information on my credit report resulting from identity theft within four business days and to promptly notify the furnisher ( s ) of that information. Please block this information from my credit report, pursuant to section 605B of the Fair Credit Reporting Act, and send the required notifications to all furnishers of thisinformation."
LSA,C1+,"Component 1, + pole",383422,0.510557234287262,"I am completely appalled and disgusted at the fact that your company is willing reporting unverifiable and inaccurate information on my credit report even after the alleged account was disputed multiple times. There is a alleged charged off account that has been reporting inaccurately since the time the alleged account was charged off. That you have been reporting that the alleged account was charged off in of , and as we all know charged off accounts must show a CLOSED status seeing as you never sold the account to a collection agency. For 2 yrs this alleged account was showing a charged off CLOSED status up until / / where for some reason you decided to report that the alleged account was OPEN causing my credit score to drop 145 points because I "" MISSED '' a payment in the month of / / on a CHARGED OFF ACCOUNT that is supposed to be showing a CLOSED status but for some reason is now showing a OPEN status on my credit report and only my credit report. I disputed this account on and on / / the dispute immediately showed they had closed the account back but it has not updated on my credit report But Left me with a MISSED Payment on a supposed to be closed charge off account for the month of / / .Since / / you have been reporting inaccurate information for this account, inaccurate being the balances across all bureaus that you seem to switch every 2 months by adding or decreasing {$860.00} causing my credit score to fluctuate damaging my ability to use my credit, or the balance history which is always been incorrect. or even the last payment date that is incorrect as of now on all 3 major bureaus. There are tons of wrong information across all bureaus on this account, but for some strange reason you keep reporting that the information is indeed correct even after my disputes which you knowingly violate 15 U.S. Code 1681s2 a ( 1 ) ( A ) and 15 U.S. Code 1681s2 B.as well as violating numerous of other federal laws. you willfully report that the information is correct even when you know it is not even after being told it is not correct month after month which is a federal violation. And because I know this account is non complaint to Metro 2 formatting as well, I am evoking my right as a consumer and demanding you remove this charged off account and the missed payment for / / not update remove from my credit reports on all bureaus and pay the invoice that I have attached with your violations in pursuant to the FCRA. if my demands are not met I will have no choice but to sue for your constant and negligent inaccurate reporting and FCRA and fdcpa violations, as well as your violation for not being Metro 2 complaint with this account and fraud for reporting information you know is not mine or correct. I have attached documents as evidence showing your incorrect reporting on all my credit reports as well as the missed payment for / / on a Supposed to be closed but currently open status charge off account that has further damaged my credit score. you will be receiving formal letters in the mail via certified mail with my invoice these documents attached and my dispute. I will also be leaving a terrible review on the and attaching a copy of this complaint to my attorney generals office."
LSA,C1+,"Component 1, + pole",211435,0.4990065395832062,"The credit bureaus stated my account was properly investigated but how is that possible if the open date is inaccurate, the date last active is inaccurate, and date last reported is not accurate. This the ground for removal they also violated my rights under 15 U.S.C. 1681 section 602 A. states I have the right to privacy. 15 U.S.C. 1681 section 604 A section 2 : It also states a consumer agency can not furnish a account without my written instructions 1. # 2. # . # . . . , ( Original Creditor : CO AZ ) # # Duplicate Account Overall, according to the 15 U.S.C. 1681 n ( a ) ( 1 ) any actual damages by the consumer as a result of the failure or damages of not less than {$100.00} and not more than {$1000.00}. I want one thousand per violation or to remove the accounts. Please adhere to this : Improper investigation and/or no investigation conducted as prescribed by the following terms of investigation. 1681 ( a ) ( e ) ( e ) The term investigative consumer report means a consumer report or portion thereof in which information on a consumers character, general reputation, personal characteristics, or mode of living is obtained through personal interviews with neighbors, friends, or associates of the consumer reported on or with others with whom he is acquainted or who may have knowledge concerning any such items of information. However, such information shall not include specific factual information on a consumers credit record obtained directly from a creditor of the consumer or from a consumer reporting agency when such information was obtained directly from a creditor of the consumer or from the consumer. All entities involved have stated several times that the account ( s ) have been verified, validated and investigated. Yet based on the credit reports, all data must be 100 percent accurate or be removed. The credit reports differ and has information between all 3 reports, that are completely different."
LSA,C2+,"Component 2, + pole",1260106,0.8152673840522766,"In accordance with the Fair Credit Reporting act . , , has violated my rights. 15 U.S.C 1681 section 602 A. States I have the right to privacy. 15 U.S.C 1681 Section 604 A Section 2 : It also states a consumer reporting agency can not furnish a account without my written instructions."
LSA,C2+,"Component 2, + pole",256515,0.8152673840522766,"In accordance with the Fair Credit Reporting Act, * has violated my rights. 15 U.S.C 1681 section 602 A. states that I have the right to privacy. 15 U.S.C 1681 Section 604 A. Section 2 : It also states that a consumer reporting agency can not furnish an account without my written instructions."
LSA,C2+,"Component 2, + pole",731483,0.8152673840522766,In accordance with the Fair Credit Reporting Act has violated my rights. 15 U.S.C. 1681 section 602 A. states I have the rights to privacy. 15 U.S.C. 1681 section 604 A section : It also states a consumer reporting agency can not furnish an account without my written instruction.
LSA,C3+,"Component 3, + pole",1027224,0.3867131471633911,I have filed a dispute in regards to the incorrect items on my credit report. Information is inaccurate on report
LSA,C3+,"Component 3, + pole",419876,0.31539449095726013,I am writing to delete the following information in my file. The items I need to delete are listed in the report. I am a victim of identity theft. I ask that the item be deleted to correct my credit report. I reported the theft of my identity to the federal trade commission and I also have enclosed copies of the federal trade commissions identity theft affidavit. Please delete the items as soon as possible.
LSA,C3+,"Component 3, + pole",518978,0.2907874882221222,""" I am writing to delete the following information in my file. The items I need deleted are listed in the report. I am a victim of identity theft and did not make the charge. I ask that the items be deleted to correct my credit report. I reported the theft of my identity to the Federal Trade Commission and I also have enclosed copies of the Federal Trade Commissions Identity Theft Affidavit. Please delete the items as soon as possible."
LSA,C3-,"Component 3, - pole",571978,0.3386515974998474,"My complaint is about , formerly named , also part of Shellpoint Mortgage Servicing. On my / / statement, I was told to pay a partial payment of my usual monthly mortgage. My usual payment is {$1400.00} per month. My statement said to pay {$370.00}, as a {$1000.00} payment had already been applied. I paid {$400.00} for my statement. I soon received a letter informing me I did not pay my balance. By / / , I received a letter saying I owed {$2500.00} because I did not pay the whole balance due in . So I had to take a loan from my parents to cover this cost. I paid this total amount then on / / . When I called and asked about the discrepancy in the statement, they were not sure why the problem happened and they would get back to me. They did not. When I called back around / / , the service agents could not explain why there was a {$1000.00} payment made to my account, and later retracted. When this payment was retracted that caused my partial payment to not meet the monthly cost and I was sent a failure to pay notice. At this point told me it was going to be ok. But what happened to the {$1000.00} partial payment applied in ? After I had already paid the {$2500.00} for , I called again to to understand what happened. They replied with "" we do not know ''. I called again today, / / to find out what they discovered happened to the missing {$1000.00} from my statement. They told me they did not know, they also said they might have applied someone else 's payment to my mortgage. They were not sure of their own book keeping. I was charged a {$56.00} fee. My credit also took a hit, as I was considered delinquent for paying the amount billed me. 's poor book keeping caused me I injustice to my credit score, when I am trying to finance a new car, and now my monthly payments might go up {$100.00} a month. mortgage company made multiple mistakes, charged me a late fee, messed up my credit, and their resolution to their mistake is "" I apologize. '' Meanwhile, I am the one financially burdened by their mistake. Please help."
LSA,C3-,"Component 3, - pole",1264038,0.3296043574810028,"A student loan was taken out in of for an add on degree. -Graduated in summer -went back to school in Spring -graduated in / / The total amount borrowed was {$34000.00} According to my records/bank statements and payment history, we have paid {$64000.00} towards the loan. {$17000.00} was forgiven with teacher loan forgiveness program. Payments have been made on the original loans more then 10 years. {$6800.00} is still owed. Loan has been with 3-4 different loan companies / / -first call with concerns / / -requested an ombudsman which was not very helpful. He was able to show that a {$6000.00} payment that was supposed to be credited was charged interest for over 10 years. Every time they sent a bill we paid it. Beginning in it was automatically drafted. We would get notified when the amounts changed but were still automatically drafted. / / submitted a review-was not notified of results Every time we submitted something it would be review. Takes anywhere between 90 days -2 years. Submitted loan forgiveness application / / , They said we only had 27 payments on loans that were taken out in -if that were the case we would have been in collections. Resubmitted for review. Resubmitted application in / / . / / was denied because they said they needed more info. When talking to # she could see all the info they said they were missing so she resubmitted it. / / was told to submit another application to look at loan payments. / / said the loan showed interest was added because it was not paid off in 10 years. / / , -heard from PSLF person. Payments were still wrong. I started going date by date. He had missing dates. I was told to upload bank statements from which i did. Requested payment history again. Payment history showed that payments I submitted bank statements for. / / , -called to get update to see if payments were applied. I was told it was still in review and there was not a time line. It could take up to 2 years. I have the records for all the payments. This loan should be paid off by now. One of the loan companies has had cases brought against them for not applying loan payments. This is ridiculous that these reviews take this long."
LSA,C3-,"Component 3, - pole",533988,0.3159254193305969,"The service provider is Bayview loan services. They purchased my mortgage from in / / . In / / they sent me a welcome letter and an invoice in the amounts of {$5700.00}. My monthly payment on my mortgage has always been {$1600.00} per month ( I have a fixed 30 years mortgage ). All of a sudden I was received this large bill for a combination of missed payment, escrow shortage, and a mortgage insurance. I have never missed a payment with my prior mortgage servicer, I do n't pay insurance as it 's a condominium and I have a master insurance policy through the HOA. I have faxed evidence of coverage and receipt of monthly payment to prove to the new servicer that I have never missed a mortgage payment. Every time I call, I always talk to a different person, and I have to repeat everything all over to everyone I talk to .... Since / / , I have talked to them countless times ... no one could help me and justify how they come up with {$5700.00}. After so many phone calls and arguments ... .they finally told me that there is a shortage in my escrow and added about {$80.00} to my monthly payment making the monthly total {$1700.00}. However, I get non-stop phone calls .... They are now claiming that I have missed a / / mortgage payment. I have told numerous people at Bayview that I have paid the / / payment to . I have even faxed evidence that I have made the / / payment ( four times ). Still I get a phone call a few times a week saying that I am late with my mortgage payment. This has been a very stressful situation because it seems that NO one is willing to help me. I have talk to different representative from Bayview, and they all tell me different story as why they keep calling me for a missed payment. I have tried on my own, I have talked to different so called supervisors from their escalation department ... ..and to this day they keep harassing me with phone calls ( I have told them multiple times not to call me again, to stop harassing me, just today, I have received three phone calls from them ) ... I am working with a gentleman called at who has been trying to help me ... .but nothing has been done yet. Please help!!"
LSA,C4+,"Component 4, + pole",644997,0.4437915086746216,"In of 2019 i sent a request to the company Innovative Recovery to get information on a claim for a debt owed. I sent certified letter between and of 2019. Company failed to send any information regarding this debt. I filled dispute through , , and in which the company still failed to send any verification of debt. In of 2019 the company sent a letter of the amount owed but still not a single copy of proof of the debt. I contact several companies i may have done business with that might have a debt of this amount owed. In which i failed to receive anything showing this balance. I have contact the company and advised of the legal lays and request that they have failed to meet the federal guidelines regarding debt collection and verification. I have sent over several copies of legal documents requesting to remove this debt from my credit report for failing to prove the debt, for failing to send a copy of any bill relating to this debt. as well as the claims to take legal action against me, i have advised that will out any verification or bill i will not make any sort of payment or payment terms. I have sent 2 follow up letter by certified mail and company has refused to send any communication regarding the debt. While the credit bureaus claim the debt to be real no company will confirm any sort of bill reflecting this value and have continued to destroy my credit over the lasts year. I am contacting a credit attorney again to dispute this debt from Innovative Recovery and failing to follow any and all debt collection guidelines."
LSA,C4+,"Component 4, + pole",515686,0.4217069149017334,"Someone from this number, keeps calling my father 's residence looking to speak with me. Apparently, she has told my dad there will be legal action taken against me if I do not pay "" said debt ''. However, I have all my financial information taken care of. She is violating the Fair Debt Collection Practices Act by threatening someone else for a debt I supposedly owe. There is no verified debt amount, who the debt is from, and or a federally required debt collection notification letter sent to my address over said debt. I want these calls to stop occurring right now."
LSA,C4+,"Component 4, + pole",981218,0.37619566917419434,"Alleged Creditor ( finance company ) sold a debt to a third party company back in / /2018. The third party company sent me a letter making a claim that they will be servicing an account. The notice included : IMPORTANT NOTICE ABOUT YOUR RIGHTS : Unless you dispute this debt or any portion of it within thirty days after receipt of this letter, the law permits us to assume that the debt is valid. You may notify us that you dispute the debt or any portion of it in writing, or by telephone. Within days of 7 days of this notice I sent an email, called, and mailed a letter request of debt validation under : Violation of the Fair Credit Reporting Act, Violation of the Fair Debt Collection Practices Act, Defamation of Character, Cease and Desist notice. Include within this letter I stated : If your office fail to respond to this validation request within 30 days from the date of your receipt, all references to this account must be deleted and completely removed from my credit file and a copy of such deletion request shall be sent immediately. Do not contact me at my workplace for any reason as well as attempt to collect any debts on behalf of the Alleged Creditor that sold this debt until proof of debt has been validated. The Alleged Debt Collector did not nor can not legally prove a valid balance on the account still exists under penalty perjury. The third party company made several attempts to call me to collect payments and act on the behalf of a servicing company. Without notice the third party company has repossessed the vehicle from my workplace after the cease and desist notice was sent months ago. I have made several attempts to get my belongings from this vehicle and was denied by the repossession company."
LSA,C4-,"Component 4, - pole",787606,0.27733954787254333,I never had an account with this is a fraudulent account thats been opened in my name
LSA,C4-,"Component 4, - pole",662678,0.23920926451683044,I am a victim of identity theft and someone stole my identity and personal information to open up a Visa credit card account with Bank of America. The following Bank of America Visa credit card account do not belong to me : .
LSA,C4-,"Component 4, - pole",1264580,0.19702878594398499,I was given credits for canceled flights by through my chase bank account. The fees were reversed and took my account over {$400.00} negative and my account was closed by the bank now I can not open an account with any other bank or credit union due to this the airline was supposed to issue a flight credit and never did then told the bank that I was on the flights so the bank said that cant go against the airline. The dates are / /22 / /22 / /22 / /22 and / /22 the balance was {$470.00} that I was charged
LSA,C5+,"Component 5, + pole",1126378,0.3864973783493042,I have a open debt with with the account number of # that was open / /2016. Its a debt of $ that was open until / /2016. I am a victim of identity theft. somebody as been using my social security number in opening numerous accounts.
LSA,C5+,"Component 5, + pole",872389,0.3041846454143524,this collection account not mine
LSA,C5+,"Component 5, + pole",620963,0.26168322563171387,My name is and I am a victim of identity theft. I contacted the debt collector IC System and disputed the alleged debt pursuant to the FDCPA and FCRA. As of this complaint I have not received any proof or validation of this alleged debt. I did NOT incur this debt. I am attaching my identity theft notice/report from the FTC in an effort to have this item removed from my credit report.
LSA,C5-,"Component 5, - pole",975891,0.36548858880996704,has past due payment for the month of and / /2017. I do not have any late payments
LSA,C5-,"Component 5, - pole",285821,0.2935628890991211,THERE ARE LATE PAYMENTS ON MY ACCOUNT THAT ARE NOT ACCURATE I NEVER MADE A LATE PAYMENT
LSA,C5-,"Component 5, - pole",932665,0.27987533807754517,"was incorrectly reporting late payment for / / and I previously submitted a CPFB complaint regarding the handling of that dispute ( see attachment ) .The CPFB complaint was resolved and the company did remove the late payment from the payment history on my reports, however, on my transunion report the payment status is still showing 30 days late. It says 30 days late for amount of . Please look at this again and correct the payment status on transunion. Account was paid in full on / / and was never late."
LSA,C6-,"Component 6, - pole",1061205,0.47964751720428467,I have been a victim of identity theft
LSA,C6-,"Component 6, - pole",953144,0.47964751720428467,I am a victim of identity theft
LSA,C6-,"Component 6, - pole",66524,0.3536444306373596,", , consumer and natural person, am a victim of identity theft pursuant to 15 USC 1681a ( Q ) ( 3 ) under the FCRA. I have filed an identity theft report pursuant to 15 USC 1681a ( Q ) ( 4 ). Just an FYI : I understand that a consumer reporting agency shall not furnish to any person a record of inquiries in connection with a credit or insurance transaction that is not initiated by a consumer pursuant to 15 USC 1681b ( c ) ( 3 ). Pursuant to 15 USC 1681c-2 ( c ) I understand that you may decline to block or may rescind any block but be warned that declining to block the following information that resulted in identity theft without providing me with my written authority of it to be furnished in the first place will constitute as Aggravated Identity Theft pursuant to 18 U.S. Code 1028A. Aggravated Identity theft carries a criminal liability of up to 2 years imprisonment. I assure you the information that I am presenting to you was not blocked in error. If you believe that I obtained possession of goods and services, I need a senior Executive member of this company to put it on an affidavit signed under the penalty of perjury notarized."
LDA,T1,Topic 1,661001,0.9633319973945618,"Enhanced Recovery Company, LLC has corresponded and called me continuously in reference to a debt they allege I some how owe them and I have never signed a contract with them. So I sent them a letter requesting they verify this alleged debt and they ignored it and are still trying to pursue this alleged debt"
LDA,T1,Topic 1,1138081,0.8618898391723633,"Frederick Hanna and associates continues to get summary judgements on cases without getting hearings by judges even iif request hearing in writing to judges, wonder if judges are more in agreement with Frederick Hanna than the defendant in all cases?"
LDA,T1,Topic 1,312348,0.8378212451934814,"Received court summons on / / without prior notice and proof of claim, requesting that the office provide me with competent evidence that I have any legal obligation to pay. Request VALIDATION pursuant to the Fair Debt Collection Practices Act, 15 USC 1692g Sec. 809 { b }."
LDA,T10,Topic 10,1105422,0.8561162948608398,"In 2011, I was having difficulty making my mortgage payment. I tried several times to get a loan modification with Wells Fargo but was unsuccessful. I eventually ended up selling the house through the foreclosure process."
LDA,T10,Topic 10,893373,0.8539341688156128,"Requested mortgage forbearance for my mortgage because my family was affected by , I am unemployed my wife is our sole provider currently, my son need for the because of from having . I was approved for a forbearance. I requested additional time to recover from loss of income but was denied assistance. Requested mortgage assistance, submitted financials and requested documents. Citizens Mortgage, Citizen mortgage has not worked with me to assist me with keeping my home instead I have received a foreclosure notice for my home."
LDA,T10,Topic 10,144480,0.8231232762336731,"From the moment I went into loan repayment, I engaged Nelnet to find the most affordable option available for me. They put me on the lowest payment option ( not a federal program ) that extends the life of the loan and accrues the largest amount of interest. This option was absolutely in their interest, and did nothing to help me pay off my debt. I began to do research and asked to apply for one of the income-based repayment plans that are laid out on federal student loan website. They first told me that I did not qualify for any of them. This was incorrect ; I qualify for the REPAYE program. I 'm not certain, but assuming that they should understand these programs better than me, it was dishonest at best, and a lie at worst. It took me months to argue for moving my loan onto an income-based repayment plan. I engaged, and re-engaged for months, to only finally be placed on REPAYE this month ( 2016 )."
LDA,T11,Topic 11,1238593,0.9919589757919312,"In accordance with the Fair Credit Reporting act. The List of accounts below has violated my federally protected consumer rights to privacy and confidentiality under 15 USC 1681. , has violated my rights. # , has violated my rights. , has violated my rights. # , has violated my rights. # , has violated my rights. # , has violated my rights. # , has violated my rights # , has violated my rights , has violated my rights has violated my rights has violated my rights , has violated my rights # has violated my rights , has violated my rights 15 U.S.C 1681 section 602 A. States I have the right to privacy. 15 U.S.C 1681 Section 604 A Section 2 : It also states a consumer reporting agency can not furnish a account without my written instructions 15 U.S.C 1681c. ( a ) ( 5 ) Section States : no consumer reporting agency may make any consumer report containing any of the following items of information Any other adverse item of information, other than records of convictions of crimes which antedates the report by more than seven years. 15 U.S.C. 1681s-2 ( A ) ( 1 ) A person shall not furnish any information relating to a consumer to any consumer reporting agency if the person knows or has reasonable cause to believe that the information is inaccurate."
LDA,T11,Topic 11,522413,0.9897002577781677,"In accordance with the Fair Credit Reporting act. The List of accounts below has violated my federally protected consumer rights to privacy and confidentiality under 15 USC 1681. Account name : # , has violated my rights. 15 U.S.C 1681 section 602 A. States I have the right to privacy. 15 U.S.C 1681 Section 604 A Section 2 : It also states a consumer reporting agency can not furnish a account without my written instructions 15 U.S.C 1681c. ( a ) ( 5 ) Section States : no consumer reporting agency may make any consumer report containing any of the following items of information Any other adverse item of information, other than records of convictions of crimes which antedates the report by more than seven years. 15 U.S.C. 1681s-2 ( A ) ( 1 ) A person shall not furnish any information relating to a consumer to any consumer reporting agency if the person knows or has reasonable cause to believe that the information is inaccurate."
LDA,T11,Topic 11,1181839,0.9895831942558289,"In accordance with the Fair Credit Reporting act. The List of accounts below has violated my federally protected consumer rights to privacy and confidentiality under 15 USC 1681. has violated my rights. 15 U.S.C 1681 section 602 A. States I have the right to privacy. 15 U.S.C 1681 Section 604 A Section 2 : It also states a consumer reporting agency can not furnish an account without my written instructions 15 U.S.C 1681c. ( a ) ( 5 ) Section States : no consumer reporting agency may make any consumer report containing any of the following items of information or Any other adverse item of information, other than records of convictions of crimes which antedates the report by more than seven years. 15 U.S.C. 1681s-2 ( A ) ( 1 ) A person shall not furnish any information relating to a consumer to any consumer reporting agency if the person knows or has reasonable cause to believe that the information is inaccurate."
LDA,T12,Topic 12,793420,0.9800722002983093,"This is my endeavor to tell you that I am a victim of identity theft and I complain to question specific records in my document coming about because of the wrongdoing. The records I am questioning connect with no exchanges acquiring any possession of goods, services or money that I have made or authorized. Assuming no one cares either way, block the noteworthy of any information in my credit record that came about due to an alleged fraud or extortion. Balance : {$0.00} Balance : {$0.00} Balance : {$670.00} Balance : {$400.00} Balance : {$0.00} ( Original Creditor : ) Balance : {$720.00}"
LDA,T12,Topic 12,630509,0.9764955043792725,"This is my fourth endeavor to tell you that I am a victim of identity theft and I complain to question specific records in my document coming about because of the wrongdoing. The records I am questioning connect with no exchanges acquiring any possession of goods, services, or money that I have made or authorized. Assuming no one cares, either way, block the noteworthy of any information in my credit record that came about due to alleged fraud or extortion."
LDA,T12,Topic 12,224361,0.9758768677711487,"This is my several endeavor to tell you that I am a victim of identity theft and I complain to question specific records in my document coming about because of the wrongdoing. The records I am questioning connect with no exchanges acquiring any possession of goods, services or money that I have made or authorized. Assuming no one cares either way, block the noteworthy of any information in my credit record that came about due to an alleged fraud or extortion."
LDA,T2,Topic 2,190711,0.9931076169013977,Hi I am submitting this this is not any influence and this is not a third party. TransUnion has low and unfair credit number for me in their report. I have complained. The problem has not been resolved. my fico has me at a credit score over 719transunion has me at a score around 590. That is a huge difference. transunion paints me as a . my fico say I have good credit. What the heck is going on here. i have almost no debt and my identity was stolen causing my score to drop n i made this clear for 60 days straight with transunion i spoke to a representative agent name and and from the fraud department I prefer to speak to a us rept but they refused they had me on mute for 4 hours which was hurtful I have a perfect repayment record. I have very low credit utilization. I have three negative credit items outstanding debt now. I have modest but ok income. Social Security. Something is wrong with Transunion. I do not understand why they are abusing consumers .This was a fist step towards attempting resolution. They kept lying telling me they disputed n its not reporting but it keep reporting this inaccurate information without my authorization. They refused or were unable to verify n remove the inquiries and its been 60days n they record the calls n admitted they had my police report n ftc and affidavit That was after attempting to contact Transunion more than 21 times. transunion is an abusive company. They are supposed to be protecting consumers. They need to be reigned in. they are causing me and stopping me from getting this job offer n now n cant provide to my daughter PLEASE HELP ME PLEASE im now.with no help.
LDA,T2,Topic 2,442033,0.9827319979667664,Hi I am submitting this this is not any influence and this is not a third party. has low and unfair credit number for me in their report. I have complained. The problem has not been resolved. my fico has me at a credit score over 719XXXX has me at a score around 590. That is a huge difference. paints me as a . my fico say I have good credit. What the heck is going on here. i have almost no debt and my identity was stolen causing my score to drop n i made this clear for 60 days straight with tXXXX i spoke to a representative agent name and and from the fraud department I prefer to speak to a us rept but they refused they had me on mute for 4 hours which was hurtful I have a perfect repayment record. I have very low credit utilization. I have three negative credit items outstanding debt now. I have modest but ok income. Social Security. Something is wrong with . I do not understand why they are abusing consumers .This was a fist step towards attempting resolution. They kept lying telling me they disputed n its not reporting but it keep reporting this inaccurate information without my authorization. They refused or were unable to verify n remove the inquiries and its been 60days n they record the calls n admitted they had my police report n ftc and affidavit That was after attempting to contact more than 21 times. is an abusive company. They are supposed to be protecting consumers. They need to be reigned in. they are causing me severe and stopping me from getting this job offer n now im n cant provide to my year old daughter PLEASE HELP ME PLEASE im now.with no help.
LDA,T2,Topic 2,684583,0.8981472849845886,still reporting negative information on my credit report when I have been in an active Chapter bankruptcy since / /2019.
LDA,T3,Topic 3,1232199,0.8981460928916931,I was not receiving electronic statements and did not get my bill. The payment was marked as late.
LDA,T3,Topic 3,1245185,0.8877419233322144,"I paid a large payment to synchrony bank for my Walmart card and they lowered my limit by the amount I paid, never been late on this account always paid as agreed. I called and the Rep said they looked at my credit and lowered based off that, I have 3 other cards with them and they did the same thing to my QVC card. This is rediculous that they can do this when you pay as agreed. I'd like my limits raised back up if possible."
LDA,T3,Topic 3,975891,0.8690457940101624,has past due payment for the month of and / /2017. I do not have any late payments
LDA,T4,Topic 4,937058,0.8690458536148071,There are many Hard Inquiries in my credit report that I am not familiar with
LDA,T4,Topic 4,470749,0.8656297922134399,"This is please do not deny my complaint by stating that I filed this by some other means than myself. This is done 100 % by me. I declare under penalty of perjury I am alleging that a person or company- without my authorization- from unauthorized use of my social security number and card used my personal identifying information to apply for goods, services, or money ; and, was successful in creating some accounts. I have no knowledge of this and All is being investigated by the FTC."
LDA,T4,Topic 4,1217151,0.8636972308158875,"I went to file my taxes and I was told by my consultant that my identity has been stolen because someone had already filed under my social security. I then pulled my credit report to see what all has been opened under my name. There was an outrageous amount of unknown, suspicious items I am familiar with. Please remove these items from my report. {$760.00} {$400.00} {$2500.00} {$2700.00}"
LDA,T5,Topic 5,1255332,0.9294856786727905,Someone called from saying they are trying to contact my son says that he owes money ( which he does n't ) and to call at call two to three time per day and it 's very aggravating.
LDA,T5,Topic 5,172084,0.8487505912780762,"I went to a clinic when I was to have a . My dad went with me and when he asked the receptionist what it cost, he was told {$20.00}, which he paid. A few months later my step mom, who was not there at the time, starting getting letters saying she owed {$140.00} for this ; she was never there and never signed, so she responded to them repeatedly and then they started sending me letters saying I owed it. At the time I was still and told them that they could not place this debt on me, and that I was with my dad when he was told it was only {$30.00}. And all he signed was a receipt. These people will not stop harassing me and telling me I have to pay or they will put a judgement against me ; I am still in . I just turned One month after this . They keep sending me threating letters and I keep disputing it and they leave me alone for a few months and then they start all over again."
LDA,T5,Topic 5,1085221,0.832858681678772,I received a call today / /2019 from at I answered it and I got no response or anything I hung up. I did say hello though. I got another call at from # and a girl answered the phone. she asked for me by my full first and last name. I said did not you just call me from the 877 # and she said yes. I told her okay you guys call me everyday and never left a message but call and call remove me from the phone system. this is an officially cease & desist and to stop calling me so much everyday. she said I could take down the information I said no and hung up
LDA,T6,Topic 6,666137,0.7708304524421692,Account number ending in .
LDA,T6,Topic 6,531049,0.6982978582382202,"remove incorrect info FCRA VIOLATION see attached documents Account Name Account Number Account Type Auto Lease Responsibility Individual Date Opened / / Status Paid, Closed. Status Updated / / Balance - Balance Updated - Recent Payment - Monthly Payment {$0.00} Original Balance {$8600.00} Highest Balance {$0.00} Terms 42 Months"
LDA,T6,Topic 6,482755,0.6940199732780457,"This is , who is submitting this CFPB complaint myself, and to inform you that there is no third party involved in the process. Regardless of the multiple written requests, the unverified accounts listed below are still reporting on my credit report in violation of federal law. The /Equifax Credit Bureaus failed to comply with the Fair Credit Reporting Act, 15 USC sections 1681i within the time declared by law and continued reporting of unconfirmed information which now, given all my attempts to address it directly with the creditor, as willful negligence and non-compliance with federal statutes. Please remove the following accounts completely from my Credit Reports : : ( Original Creditor : ) Balance : {$3300.00} o Date Opened : / / Balance : {$0.00} o Date Opened : / / Balance : {$0.00} o Date Opened : / / Balance : {$0.00} o Date Opened : / / Balance : {$0.00} o Date Opened : / / Balance : {$900.00} o Opened : / / o / / Balance : {$810.00} o ( . ) Date o Original Creditor : Date Opened : / / o ( Original Creditor : . ) Date Opened : / / o Date Opened : / / Balance : {$0.00} EQUIFAX : o Date Opened : / / Balance : {$0.00} o Date Opened : / / Balance : {$0.00} o Date Opened : / / Balance : {$0.00} o Date Opened : / / Balance : {$980.00} o Date : / / Balance : {$0.00} o / / Balance : {$810.00} o ( ) Date o A ( Original Creditor : Date o A ( Original Creditor : / / o Date Opened : / / Balance : {$0.00} : o Date Opened : / / : {$0.00} o Date Opened : / / Balance : {$0.00} o Date Opened : / / Balance : {$0.00} o Date Opened : / / Balance : {$0.00} o Date Opened : / / Balance : {$810.00} o Date Opened : / / Balance : {$0.00}"
LDA,T7,Topic 7,243041,0.5121921896934509,"recommended Cardinal financial company to finance a mortgage on a home purchase in , Fl. The bank took to long to process the application by holding up the processing over {$140.00} non payment of old bill and it took 4 weeks to appraise the property. The property was under appraised which should have given me the ability to cancel the sale but the appraisal took over 4 weeks to get done and I did not have the ability to cancel the sale. In the end I was forced to take out mortgage insurance on a property in order to to close. Similar properties like mine are selling for {$15000.00} more than my property and the bank refuses to take off the PMI"
LDA,T7,Topic 7,77916,0.45738470554351807,"The lender Bank of America placed insurance of my property and I was never fully explained how it worked. My old policy was somewhere around {$990.00} and Bank of America said that lender placed insurance would be slightly higher than what I could purchase myself but their policy was lower than what I was paying. I thought why shop around since lender placed is lower than what I was paying, I never was explained that lender placed insurance would only cover the structure of the house because that was all Bank of America had interest in. On / /2020 my truck was stolen while parked on the property of my residence with many of my belongings including many of my childrens presents. My truck was recovered with none of my belongings in it. Ive tried to file a claim with insurance company to no avail both for the contents of the truck and the truck as a structure. Which to my unsterdanding a vehicle is an extension of a persons home unless it is occupied. Therefore if insurance does not want to cover the contents of the truck they should honor the policy saying the policy covers structure on the property and the policy covers malicious activity and vandalism with {$1000.00} deductible. My truck received just above {$8000.00} damage from when it was stolen. I would be happy to take to a body shop to get an estimate for damages."
LDA,T7,Topic 7,1250164,0.4305165410041809,"Nationstar hired , and they broke into my home and caused damage under the guise of property preservation and winterization. Nationstar knew the house was already winterized. They allegedly left the door they broke to my home open to the elements for 6 months and damaged door lock assemblies throughout, as well as tampered with my water pump in the basement which required servicing to repair by a professional."
LDA,T8,Topic 8,952238,0.8904637098312378,JP Morgan Chase closed my checking account and is holding {$15000.00} in a suspense account. I have reached out to their loss prevention team and they told me that those funds can be held up to 3 years. Not sure what will happen after that. Please help in resolving this and getting funds returned back to the account holder.
LDA,T8,Topic 8,834031,0.8854146599769592,I attempted to link my bank to and it said my bank will not allow it
LDA,T8,Topic 8,1267438,0.8344630002975464,"1. On / / , my former employer - - direct deposited my payroll check for the period / / - / / in the amount of {$1600.00}. 2. On / / my former employer - WITHDREW {$1600.00} from my checking account without my permission. 3. My bank - Wells Fargo - allowed this transaction, facilitated this transaction, and did NOT inform me this transaction occurred. 4. I ACCIDENTALLY found out of when I made an ATM withdrawal on / / and realized my balance was extremely low. 5. When I demanded my employer return these funds - I was FIRED."
LDA,T9,Topic 9,1146232,0.9820253849029541,"This is not a duplicate nor is this complaint being filed by a third party, I am filing this complaint myself. Please see this complaint is processed to the letter of the law. Despite multiple written requests, the unverified account listed below continue to report on my credit report, in violation of federal law. I included a date on the last letter I submitted to the TransUnion credit bureau / / , but no answer was received. This account must be validated under Sections 609 ( a ) ( 1 ) ( A ) and 611 ( a ) ( 1 ). ( A ). If you do not authenticate this account, I will take legal action against you. Please abide with the law in order for this matter to be resolved promptly."
LDA,T9,Topic 9,126517,0.9776417016983032,"This is , who is submitting this CFPB complaint myself, and to inform you that there is no third party involved in the process. I sent letters to Equifax Credit Bureau the date of the last letter was on / /2021. And now we are in the month of / /2021 and still nothing from them. That means Equifax has NOT complied with the Fair Credit Reporting Act law and continued to report inaccurate information on my credit report. UPDATE OR REMOVE THESE FOLLOWING ACCOUNTS COMPLETELY FROM MY CREDIT REPORT : ( Original Creditor : )"
LDA,T9,Topic 9,316293,0.9770827293395996,"This is , who is submitting this CFPB complaint myself, and to inform you that there is no third party involved in the process. I sent letters to TransUnion Credit Bureau the date of the last letter was on 2021. And now we are in the month of 2021 and still nothing from them. That means TransUnion has NOT complied with the FairCredit Reporting Act law and continued to report inaccurate information on my credit report. UPDATE OR REMOVE THE FOLLOWING ACCOUNTS FROM MY CREDIT REPORT : USDOE/ ( Original Creditor : )"
BERTopic,B0,Online BERTopic cluster 0,1000280,,"My personal information was used without my knowledge and because of several phone calls from creditors that did not belong to me, that prompted me to check my credit. Upon checking my credit, I have noticed that there are several inquiries and credit accounts that were not requested by me were listed on my credit report."
BERTopic,B0,Online BERTopic cluster 0,1006349,,I looked at my credit report today and it has my name on there mispelled.
BERTopic,B0,Online BERTopic cluster 0,1008339,,"My credit reports have three Negative connotations. They are defined as : serious delinquency.They happened in 2012, when I was a new immigrant, and I did not know about the country 's credit system. The three accounts about because of events in life, I live in the United States at that time, my father is years old living in , he suddenly became very ill, I have to leave the United States, to return to to look after him, I remember I was the second day of the news on the plane left the United States, this led to I did not arrange the rest of the things. Now that I know the existence of these three credit reports, I regret it and start paying them back. They have been around for six years, and I have learned that I can not buy a car or apply for a credit card for six years, which makes my life very difficult.I can not live in a city without bus or subway, because I can not buy a car. My sincere confession, hope to get your understanding, please do not let the three credit report affect my credit, I just want to buy a car loan, because can not buy a car, my life has become very difficult. I believe that the credit report is more for education and correction, not just for punishment. I know according to the rules, there may be 1 to 2 years they will eliminate these, but I sincerely hope that you can now in this way, because I got enough lessons, me and my life is going to collapse. I am willing to pay all the arrears or fines that I need to repay, just hoping to delete their influence, let me apply for a car loan, and then go to work and life."
BERTopic,B1,Online BERTopic cluster 1,1003545,,received us bank reliacard which I never requested. Carb number
BERTopic,B1,Online BERTopic cluster 1,1007823,,"Someone used information to obtain account # on / / , account on / / , account # on / /"
BERTopic,B1,Online BERTopic cluster 1,1008096,,I have inquired multiple times with the company to verify HOW DID THEY VERIFY the accounts in question. I have asked whom did they speak with to verify the accounts along with other questions and the could not verify that they legally verified the accounts. I had asked if they could not tell me how they legally verified the accounts that I would want the accounts removed from my file. The company had over 45 days to show proof of their verification process and I have not heard back from the company.
BERTopic,B10,Online BERTopic cluster 10,1007505,,"I closed this account on as this bank gave my Daughter a card on my account in but in they refused to add my wife to the account the whole bill owed is my daughters debt none of it is mine I made a payment to catch account up of this paid it up thru / / these is were the fun begins see on / / my credit report should balance of then I get a statement dated / / showing previous balance and new balance then on my credit report dated / / it shows balance then when I called the bank it says balance payment due the statement claims payment due is funny thing is I paid the payment on / / due / / of they never process the payment tell / / , they also report that last week on my daughter credit report balance was then this week it shows yet they claim they do not report this info on my daughters report this came from their executive office until this bank can explain all these why payments were made not processed why the five different balances for / / I will not pay any more payments to this bill as a disabled Veteran they are trying to make pay money I do not owe them as I stated this bill is 100 % my Daughters who they gave a card to this bank and the people that work their are full of last person I spoke to on / / she keep saying let 's keep this professional when I ask question my daughter and my wife were both listening this is what they do refuse to answer questions when asked about all the above. and please note Balances went up / / thru / / then from / / / / up then from / / thru / / it went up why the big difference then on / / I made the payment which yes my daughter now owes us but from XXXXThru / / it went down from to so this bill went up in / / when account is closed and payment was made even with everything how did this account go up after payment was made from to they refuse to explain this issue that's why I am claiming their trying to rep me off of fees and money I do not owe even though the whole bill owed is not mine right now I am paying the bill for my daughter and like I say I am not paying another penny to this bank period!!!!!"
BERTopic,B10,Online BERTopic cluster 10,1026633,,"On / / I transferred a total of {$6000.00} from my joint savings into my personal checking. This had been discussed between both account holders. The following day the person I shared my joint checking and savings account with filed a fraud claim and closed both accounts. Shortly after Bank of America put a {$880000.00} freeze on my personal account. When I spoke to their customer service department I was told an investigation would be held and could take up to 10 business days. The 10 business days are now over and I have been told that a hold will be placed on my account for up to 45 days which would make my account active on / / . My credit score has gone down by 12 points since / / . I have creditors calling my phone non stop. I have taken my birth certificate, social, and id into a branch to prove my identity. I have faxed over documents stating where I work and verification that I am authorized on this account. Page 7 in their disclosure proves my rights and is being broken with no solid answer as to why."
BERTopic,B10,Online BERTopic cluster 10,1078181,,"I would deposit large sums of my paycheck into this account to save money for future bills or purchases and also as an emergency fund. Nobody was on the account or authorized to access this account. It was in my name only and until an employee, , while working as an employee of TD Bank had given my account information and balances to my wife which caused me to get kicked out of the house and divorced. This has caused all sorts of financial and emotional turmoil. I contacted the bank and filed a grievance. An investigator called me from the bank to take down my statement. I have not heard from the bank since, but have learned that the employee was fired over it."
BERTopic,B11,Online BERTopic cluster 11,1002478,,"I was shocked when I reviewed my credit report and found collection account on my credit report. I am not sure how this happened, but this is a total violations of FCRA and FDCPA, and under these provisions I demand that this account be removed from my credit file as I never had any type of relationship with this company or any company associated with you."
BERTopic,B11,Online BERTopic cluster 11,1006538,,I have tried numerous times to have a bankruptcy that is reporting on my file removed as it is not mine. The company reporting it to you is frozen to my personal information due to fraud. So how is it possible this wrong information is reporting on my credit report. This is my last attempt to have it removed or I will be taking legal action.
BERTopic,B11,Online BERTopic cluster 11,1038397,,"A fraudulent account from is reporting on my credit. I did not live in the State of California in the year 2018. I live in the State of Louisiana. My address at the time this account was open was : , LA . Ive contacted both the creditor and credit bureaus providing ; FTC report and police report. Both creditor and bureaus are refusing to update and remove this fraudulent account from my credit report."
BERTopic,B2,Online BERTopic cluster 2,1006947,,"To Whom It May Concern : I am representing MYSELF and I am the consumer in fact and not a third party. I am communicating with you directly as requested regarding concerns/ issues with my credit report. This letter represents my formal request to again dispute the aforementioned accounts as well as inquiries which are illegally being reported on my account. It was communicated to me to reach out to each individual agency to expedite the removal. As of the date of this letter, it has been over thirty days with no compliance to the Fair Credit Reporting Act ( FCRA 15 U.S.C. 1681 ) enacted by the United States Congress. By their findings, it is now my legal right to have these accounts and inquiries ( FCRA 15 U.S.C. 1681n ) removed. I understand the individual in receipt of this letter is most likely not an attorney. Therefore, I have attached the laws and definitions to educate any person of my legal rights in the United States of America. I appreciate you understanding how this adversely affects me and is in violation of my rights. Thank you for helping me take this federal matter seriously! Regards Accounts Requiring Immediate Removal : with Account # for a debt owed of {$1600.00} that is reporting as a Collection/Charge Off Unapproved Inquiries Please be aware the following inquiries are plaguing my report. I have communicated with the agencies whom I believe to be responsible for this violation. I have not received any correspondence for the following accounts below. Please remove these adverse inquiries immediately. / / 15 U.S. Code 1681 - Congressional findings and statement of purpose ( a ) Accuracy and fairness of credit reporting The Congress makes the following findings : ( 1 ) The banking system is dependent upon fair and accurate credit reporting. Inaccurate credit reports directly impair the efficiency of the banking system, and unfair credit reporting methods undermine the public confidence which is essential to the continued functioning of the banking system. ( 2 ) An elaborate mechanism has been developed for investigating and evaluating the credit worthiness, credit standing, credit capacity, character, and general reputation of consumers. ( 3 ) Consumer reporting agencies have assumed a vital role in assembling and evaluating consumer credit and other information on consumers. ( 4 ) There is a need to insure that consumer reporting agencies exercise their grave responsibilities with fairness, impartiality, and a respect for the consumers right to privacy. ( b ) Reasonable procedures It is the purpose of this subchapter to require that consumer reporting agencies adopt reasonable procedures for meeting the needs of commerce for consumer credit, personnel, insurance, and other information in a manner which is fair and equitable to the consumer, with regard to the confidentiality, accuracy, relevancy, and proper utilization of such information in accordance with the requirements of this subchapter. 15 U.S. Code 1681a - Definitions ; rules of construction ( a ) Definitions and rules of construction set forth in this section are applicable for the purposes of this subchapter. ( b ) The term person means any individual, partnership, corporation, trust, estate, cooperative, association, government or governmental subdivision or agency, or other entity. ( c ) The term consumer means an individual. ( d ) Consumer Report. ( 1 ) In general.The term consumer report means any written, oral, or other communication of any information by a consumer reporting agency bearing on a consumers credit worthiness, credit standing, credit capacity, character, general reputation, personal characteristics, or mode of living which is used or expected to be used or collected in whole or in part for the purpose of serving as a factor in establishing the consumers eligibility for ( A ) credit or insurance to be used primarily for personal, family, or household purposes ; ( B ) employment purposes ; or ( C ) any other purpose authorized under section 1681b of this title. ( 2 ) Exclusions.Except as provided in paragraph ( 3 ), the term consumer report does not include ( A ) subject to section 1681s3 of this title, any ( i ) report containing information solely as to transactions or experiences between the consumer and the person making the report ; ( ii ) communication of that information among persons related by common ownership or affiliated by corporate control ; or ( iii ) communication of other information among persons related by common ownership or affiliated by corporate control, if it is clearly and conspicuously disclosed to the consumer that the information may be communicated among such persons and the consumer is given the opportunity, before the time that the information is initially communicated, to direct that such information not be communicated among such persons ; ( B ) any authorization or approval of a specific extension of credit directly or indirectly by the issuer of a credit card or similar device ; ( C ) any report in which a person who has been requested by a third party to make a specific extension of credit directly or indirectly to a consumer conveys his or her decision with respect to such request, if the third party advises the consumer of the name and address of the person to whom the request was made, and such person makes the disclosures to the consumer required under section 1681m of this title ; or ( D ) a communication described in subsection ( o ) or ( x ). [ 1 ] ( 3 ) Restriction on sharing of medical information.Except for information or any communication of information disclosed as provided in section 1681b ( g ) ( 3 ) of this title, the exclusions in paragraph ( 2 ) shall not apply with respect to information disclosed to any person related by common ownership or affiliated by corporate control, if the information is ( A ) medical information ; ( B ) an individualized list or description based on the payment transactions of the consumer for medical products or services ; or ( C ) an aggregate list of identified consumers based on payment transactions for medical products or services. ( e ) The term investigative consumer report means a consumer report or portion thereof in which information on a consumers character, general reputation, personal characteristics, or mode of living is obtained through personal interviews with neighbors, friends, or associates of the consumer reported on or with others with whom he is acquainted or who may have knowledge concerning any such items of information. However, such information shall not include specific factual information on a consumers credit record obtained directly from a creditor of the consumer or from a consumer reporting agency when such information was obtained directly from a creditor of the consumer or from the consumer. ( f ) The term consumer reporting agency means any person which, for monetary fees, dues, or on a cooperative nonprofit basis, regularly engages in whole or in part in the practice of assembling or evaluating consumer credit information or other information on consumers for the purpose of furnishing consumer reports to third parties, and which uses any means or facility of interstate commerce for the purpose of preparing or furnishing consumer reports. ( g ) The term file, when used in connection with information on any consumer, means all of the information on that consumer recorded and retained by a consumer reporting agency regardless of how the information is stored. ( h ) The term employment purposes when used in connection with a consumer report means a report used for the purpose of evaluating a consumer for employment, promotion, reassignment or retention as an employee. ( i ) Medical Information.The term medical information ( 1 ) means information or data, whether oral or recorded, in any form or medium, created by or derived from a health care provider or the consumer, that relates to ( A ) the past, present, or future physical, mental, or behavioral health or condition of an individual ; ( B ) the provision of health care to an individual ; or ( C ) the payment for the provision of health care to an individual. [ 2 ] ( 2 ) does not include the age or gender of a consumer, demographic information about the consumer, including a consumers residence address or e-mail address, or any other information about a consumer that does not relate to the physical, mental, or behavioral health or condition of a consumer, including the existence or value of any insurance policy. ( j ) Definitions Relating to Child Support Obligations. ( 1 ) Overdue support. The term overdue support has the meaning given to such term in section 666 ( e ) of title 42. ( 2 ) State or local child support enforcement agency. The term State or local child support enforcement agency means a State or local agency which administers a State or local program for establishing and enforcing child support obligations. ( k ) Adverse Action. ( 1 ) Actions included.The term adverse action ( A ) has the same meaning as in section 1691 ( d ) ( 6 ) of this title ; and ( B ) means ( i ) a denial or cancellation of, an increase in any charge for, or a reduction or other adverse or unfavorable change in the terms of coverage or amount of, any insurance, existing or applied for, in connection with the underwriting of insurance ; ( ii ) a denial of employment or any other decision for employment purposes that adversely affects any current or prospective employee ; ( iii ) a denial or cancellation of, an increase in any charge for, or any other adverse or unfavorable change in the terms of, any license or benefit described in section 1681b ( a ) ( 3 ) ( D ) of this title ; and ( iv ) an action taken or determination that is ( I ) made in connection with an application that was made by, or a transaction that was initiated by, any consumer, or in connection with a review of an account under section 1681b ( a ) ( 3 ) ( F ) ( ii ) of this title ; and ( II ) adverse to the interests of the"
BERTopic,B2,Online BERTopic cluster 2,1030369,,"I am a victim of identity theft. Due to the Corona Virus Pandemic, we are all facing which has me sitting still at home and I saw the recent news about the multiple Data breaches. I decided to look at my credit reports from the 3 major credit bureaus and found that someone had used my Identity. I have no idea how the theft took place. I also have no knowledge of any suspects. I did not receive any money, goods, or services as a result of identity theft. I contacted the and told me to file an Identity Theft Report which I am doing. I appreciate your effort in getting this matter resolved. Thank you. Please let me know if you need any other information from me to block this information from my credit report. Thank you."
BERTopic,B2,Online BERTopic cluster 2,1055359,,"On / /2017 A Company who calls themselves PERFORMANT FINANCIAL CORPORATION was allowed to tap into my Consumer Report without my permission. They did an inquiry without my permission. This is Common practice with the Consumer Reporting Agency without Consumer Consent. I want these Foreign agencies to Cease and desist reporting my information, without my Consent, They allow anybody to get into my File without my permission. Please take all of this information out as I have asked on several occasions. This identity theft has got to stop. Send me {$100000.00} for this blatant intrusion into my files."
BERTopic,B3,Online BERTopic cluster 3,1003335,,"I received information from you attempting to collect the above-listed alleged debt. Your initial communication to me of the alleged-debt was within 30 days ago. Please be further advised, I dispute the validity of the alleged debt in its entirety. Further I request verification of the alleged debt, including, the name and address of the original creditor, along with a copy of a signed contract with the creditor. Where is my signed HIPPA form? I am aware that you have directly violated the regulations of the HIPAA Act of 1996. I never signed a HIPAA form to authorize your company to have access to my medical records or procedures that I went through. Additionally any attempts to harm my credit history and rating by updating or changing dates after you have been informed that the debt is expired, is a direct violation of the FDCPA. Any abuse to my credit rating on your part will be met with all recourse available to me by the law. You are illegally attempting to collect an alleged debt and money that I do not owe. As per the law, cease and desist all collection activity, including credit reporting. This letter may be provided to the Consumer Financial Protection Bureau ( CFPB ). The CFPB is authorized to investigate this matter and receive related information."
BERTopic,B3,Online BERTopic cluster 3,1003799,,"The debt collector ( FOCUS RECEIVABLES MANAGEMENT ) put in my and credit report a debt collection for {$560.00} from . I dispute the collection in and for the reason that I have never had any service from such a company neither requested any service at all. investigated and delete the derogatory mark but still there. I search for ( FOCUS RECEIVABLES MANAGEMENT ) online to verify the authenticity of such a company but they do not have any website. In the , this company has a D- and it's no accredited by ( link Below )."
BERTopic,B3,Online BERTopic cluster 3,1006123,,"nor never contacted me regarding my collection account. In fact, earlier this year I had a collection account deleted due to them not verifying specific information related to the collection account. So, you can see that I was shocked to find another collection account placed on my account without me receiving any information. contacted me on two different occasions, however, after I asked who they were they hung up the phone on me not stating the reason for the call. As you can see in the attached documents they had my wrong address even though before I left the complex I gave them my forwarding address. In addition, when I left I did not receive a walk-through of my apartment, so, therefore, how do I know that these charges are accurate? Since this collection came on my report a few months ago I have moved again and I still have not received any correspondence from them as well as for the accuracy of this report. It has been 1 year since I moved from there, and I am trying to figure out how they can place this on my account without any accurate information. I demand this inaccuracy to be removed from my report and to notify and of their discrepancies."
BERTopic,B4,Online BERTopic cluster 4,104419,,"In accordance with the Fair Credit Reporting act , L # , has violated my rights 15. USC 1681 section 602 A - states rights to privacy U.S.c 1681 Section 604 A section 2 - a consumer reporting Agency can not furnish a account without my written instructions U.s.c 1681c. ( A ) ( 5 ) - no consumer reporting agency may make any consumer report containing any of the following items of information any other adverse item if information other than. Records of convictions of crimes which antedates the report by more than seven years 15 U.S.C 1681s-2 ( A ) ( 1 ) A person shall not furnish any information relating to any consumer reporting agency if the person knows or has reasonable cause to believe that the information is inaccurate I am not liable for this debt with "" , and do no have a contract with "" , they do no provide me with the original application like I asked"
BERTopic,B4,Online BERTopic cluster 4,1091147,,In accordance with the FAIR CREDIT REPORTING ACT this creditor has violated my rights. 15 USC 1681 SECTION 602 States I have the right to privacy. 15 USC 1681 SECTION 604 A SECTION 2 : It also states a consumer reporting agency can not furnish a account without written instructions. 15 USC 1666B : A creditor may not treat a payment on a credit card account under an open end consumer credit plan as a late for any purpose.
BERTopic,B4,Online BERTopic cluster 4,1138417,,This company did not receive my written instructions to furnish the following accounts on my consumer report. They are violating the Fair Credit Reporting Act by furnishing information on my consumer report without permissible purpose. This company is an elaborate mechanism which has a need to insure they are exercising their grave responsibility with fairness to the consumer. I have not been treated with equity/fairness. These accounts must be removed :
BERTopic,B5,Online BERTopic cluster 5,1013131,,"I have a Bankruptcy Chapter listed on my , and Equifax reports. I have not filed a Bankruptcy within the last 15 years. I have disputed this Bankruptcy which is appearing on my credit reports, and the credit bureaus have left this on my reports."
BERTopic,B5,Online BERTopic cluster 5,1020426,,I have disputed negative items on my report multiple times almost close to times the bureaus have not sent me no letters to verify these items on my report I have not been given anything I have been calling and been giving the run around repeatedly this is very disheartening because I can not get my house until my credit is fixed please look into this matter immediately
BERTopic,B5,Online BERTopic cluster 5,1027224,,I have filed a dispute in regards to the incorrect items on my credit report. Information is inaccurate on report
BERTopic,B6,Online BERTopic cluster 6,1009216,,"I have two credit cards with Capital One since and Have been charged {$63.00} on / / , for interest charges on a card ending in which has a balance of {$3000.00} and also i have been charged {$23.00} on / / for interest charges on ending in which has a balance of {$1500.00}. I called the customer service line - - - as their website does not have the ability to dispute interest charges or communicate online with customer service. I spoke to Manager/Supervisor ID # and she stated there was nothing she could do to reduce this high interest rate even though i have an excellent payment record and excellent credit history the interest rate of approximately 22 % on both cards. I advised that i would be filing a complaint with the CFPB an agency of the Federal Government. I consider these interest rate practices predatory and would appreciate a review of this practice from the inception of my credit cards in and am requesting a refund of all this excessive interest they have been charging on these cards."
BERTopic,B6,Online BERTopic cluster 6,1029252,,"I applied for an American Express credit card through on / /20 with the intent to transfer my balance from another credit card. The introductory offer was 15 months at 0 % APR and a 3 % balance transfer fee. I received my card today and called American Express to do the balance transfer, however, they rudely informed me that they no longer accept balance transfers for any of their cards. The associate on the phone assured me that they do not advertise balance transfers anywhere and I must have been mistaken when I saw this. She offered no resolution. I am extremely frustrated as this is the only reason I applied to open a new line of credit. I included a screenshot of the offer below. I double checked and there is no fine print that says they no longer accept balance transfers. This was misleading and false advertising. American Express mislead me into opening a new account under the impression that I could issue a balance transfer at a 3 % fee. They offered nothing to solve this issue."
BERTopic,B6,Online BERTopic cluster 6,1029487,,"On / /2018, when I signed into my BOA mobile banking account, I noticed a credit in the amt of {$100.00} posted to my checking account. Upon further investigation, I discovered that this credit came from my BOA credit card account. In addition to moving funds from my credit card account to my checking account, credit card services assessed {$12.00} overdraft protection fee. I had overdraft protection added to my credit card account to cover transactions in the event my checking account was overdrawn. OnXX/ / , my checking account balance was {$12.00}. My checking account was not overdrawn and funds should not have been moved from my credit card account to my checking account. I contacted BOA immediately, on the same dayXX/ / .I spoke with representatives from BOA checking ( deposits and savings ) and credit card services. Both told me I need to contact the other department and that I needed to wait until the transactions have cleared the account. Checking ( deposits and savings ) rep confirmed that my account was not overdrawn and that transaction ( credit ) should not have happened. The rep also stated I would need to contact Credit card services to have the {$12.00} Credit card services stated that once the transactions have cleared, I can have the funds moved back from my checking account to my credit card account by making a payment. So I waited until the transactions cleared in my checking account and called BOA credit card services on Tues, / /. I requested the funds in the amount of {$100.00} be removed from my checking account and sent back to my credit card account. I also requested that the {$12.00} overdraft fee be waived. The representative stated that BOA properly assessed the fee and it would not be waived. He stated that he could not reverse the transaction either and if I wanted the funds moved, I would have to make a payment on my credit card from my checking account. I asked him why should I do that when it was BOA 's error and was no error on my part? I advised him of my conversation with Deposit and savings ( my account was not overdrawn and it was an error on BOA 's part ) and recommended he review notes on my account. He then advised me he can not see notes from that department. I asked to speak with a supervisor and he attempted to de-escalate the call and still refused my request to speak with a supervisor. I instructed the credit card services rep to remove overdraft protection and simply close the account altogether. I was transferred to Checking ( deposits and savings ) and informed them of my recent interaction with Credit card services. I explained the situation and the Checking ( deposits and savings ) rep reviewed my account and confirmed that my account was not overdrawn. The rep ( savings and deposits ) remedied the situation by processing a {$12.00} credit to my checking account and then processed a payment in the amount {$110.00} to my credit card account. I asked to be transferred back to the Credit card services so I could speak with a supervisor. I spoke with a Credit card services rep and provided him details about my ordeal and wanted to find out if my account could be reinstated. I also requested to speak with a supervisor. He stated the account could not be reinstated and that I would have to apply again. He submitted a request, but unfortunately, I was not approved. The representative waived the {$12.00} overdraft fee and transferred me to a supervisor. I spoke with a supervisor about reinstating my account and he advised I would have to re-apply."
BERTopic,B7,Online BERTopic cluster 7,1015635,,"I APPLIED FOR A LOAN FOR AND WAS APPROVED. I SENT EVERY PAPERWORK THEY ASKED FOR AND THEY SENT ME A APPROVAL LETTER. THEY THEN TOLD ME TO USE THEIR REALTOS AND BEGIN LOOKING FOR CONDOS. THEY KNEW THAT IT WOULD NOT BE RIGHT AWAY THAT I WOULD FIND ONE. THIS IS THE MESSAGE I RECENTLY GOT IN THE EMAIL. THIS IS THE MESSAGE I RECEIVED AFTER 10 DAYS THEY COULD NOT LOCATE A VA APPROVED CONDO FOR ME AND THEY REQUIRED THAT I USE THEIR REALTORS. "" , We wanted to send you a note to let you know that your loan file has been closed because it was withdrawn, denied or marked incomplete due to inactivity. A letter outlining the full details of your loan closure should arrive in the next 10 days. If you have any questions in the meantime, or if you do not receive your letter after 10 days, feel free to reach out to your Loan Officer. Sincerely, ''"
BERTopic,B7,Online BERTopic cluster 7,1030918,,"To whom it may concern, today is / / . Yesterday I received a dispute response from TransUnion which really has me baffled and concerned about my credit report and how to keep it fit for the economy and country that I live in, the United States of America. In / / , TransUnion added a delinquent mortgage account to my credit report. An account for a home that my ex-spouse resides. In the last two months the other two reporting agencies have added the default mortgage as well. My ex asked for the home in our divorce ( ) and was granted the home in writing by the judge of our divorce proceeding. He did not have my name removed or made any other attempts to show that he no longer wanted me to have a part of the home. He faulted on the VA loan and has not made any payments on the loan in almost four years. / / , he filed bankruptcy, which means he is not responsible for payments, and can not be solicited for the payments, but I am. He lives in the home with his family, not me. I spoke to the newest mortgage company, , and asked them to foreclose the home or put it on the market for sale if I am the new responsible party because they will not adhere to the decree. The did not, and they also denied his paperwork for a modification for the loan and so did , the original owners. The first choice for them is to wait on me to make a payment and for him to live in the home for free. I will not pay a mortgage for a home that I do not reside. attempted to insert me into his loan modification in but he told me not to worry about it. I learned that I was to sign a quick deed, which did not alleviate me of financial responsibility anyway. All in all, it would've gotten payments made if they had accepted his paperwork. I am not sure the specifics to that issue. Then I am told that the rules for foreclosure have to be met per the state 's requirements. Well how many rules and laws does it take to understand that the house is not free and the mortgage is due? Virginia needs to get it together. These mortgage companies who are not listening to what is being said should also get it together. The home was purchased in and costs more now than it did when it was purchased, he is currently {$140000.00} in arrears. That's about a fourth of the cost of the home.. If you can live for free then there is no incentive to pay the mortgage! At the same time, permission is not needed to make a payment. He could have been making payments all this time with or without a modification. Its not like the mortgage company will return the checks, or will they? I am writing to ask that remove this home from my credit report, all three, and give him a payment plan for the mortgage or foreclose/sale the home immediately. should also place a valid phone number on the credit reports.I would also like the credit reporting agencies to delete "" remove per divorce decree '' as an option for a dispute if the decree is not sufficient or will not be upheld once provided."
BERTopic,B7,Online BERTopic cluster 7,1031658,,"The mortgage company that I currently have refuses to give me a statement in the mail concerning my loan payments. They state that they do not have to give me the statement in the mail. I have noticed on several occasions that the balance, and monthly statements are not accurate. I have requested 5 times that they start mailing me statements and they refuse. I have also asked them to send me an itemized list of my account concerning all of my payment since they have taken over my loan, and they have not complied."
BERTopic,B8,Online BERTopic cluster 8,104540,,", FL, DOB : / / SS # Dear Sir/Madam : I am contacting you about the compromising of my social security number. I am a victim of Identity Theft. I contacted the Federal Trade Commission and filed a complaint # and contacted the police department and obtained a police report # which both are attached. Please block and remove all information from my credit report, and send me an updated copy of my credit report. The following items do not belong to me and is a result of fraud that I did not authorize : {$2000.00} Paid, closed Account Info Account numberXXXX Account status Closed Date opened / / / {$190.00} {$0.00} Paid, closed Account Info Account number Account status Closed Date opened / / Account type Auto Loan Balance Loan Amount {$0.00} {$26000.00} {$2800.00} Paid, closed Account Info Account numberXXXX Account status Closed Date openedXX/ / Account type Auto Loan Balance Loan Amount {$2800.00} {$16000.00} OPENED / / {$960.00} DEPT OF EDUCATION/ {$4600.00} 0 % paid off Account Info Account numberXXXX Date openedXX/ / Account type Education Loan Balance Loan Amount {$4600.00} DEPT OF EDUCATION/ {$1700.00} 0 % paid off 6 late payments Account Info Account number Account status Open Date opened / / Account type Education Loan Balance Loan Amount {$1700.00} {$1100.00} Account Info Hover over labels for more details Account number Account status Closed Date opened / / Account type Lease Balance Loan Amount {$3800.00} {$5100.00} Payment Info Status Charge-off Past due amount {$2200.00} {$12000.00} Paid, closed 1 charge-off Account Info Hover over labels for more details Account number Account status Closed Date opened / / Account type Balance Loan Amount {$12000.00} {$0.00} Paid, closed Account Info Hover over labels for more details Account numberXXXX Account status Closed Date openedXX/ / Account type Balance Loan Amount $ XXXXunavailable Original creditor : {$1500.00} 0 % paid off Account Info Tap labels for more details Account number Collection opened / / Account type Collection Department / Agency / Attorney Balance Loan Amount {$1500.00} {$1500.00} Payment Info Original loan amount {$1500.00} Original creditor : . {$960.00} 0 % paid off Account Info Tap labels for more details Account number Collection opened / / Account type Factoring Company Balance Loan Amount {$960.00} {$960.00} Payment Info Original loan amount {$960.00} US BKPT CT GA Bankruptcy chapter -discharged Original filing date : / / Latest status date : / / Account Info Reference Number Court US BKPT CT GA ."
BERTopic,B8,Online BERTopic cluster 8,1063805,,"I attended 2016. Upon signing up, I was told there would be guaranteed internship and job placement after graduating. School was coming to an end and I had no internship. I was told that I was "" on my own and had 1 week after school ended to find one ''. After my was completed and official graduation date has come, my student loans kicked in and my monthly income came no where near what was expected once I attended the school and struggled to pay loans, rent, and basic day to day essentials. I was forced to have my loans go into collections and was told "" I should have gotten a better job and thought about my career before I went to school '' by a customer service representative. Fast forward 3 years, closed their doors under the law Obama had passed where if a students loan payments exceeded their monthly income, they had to close. Which was 100 % the case for myself and almost everyone I knew from the school. I still struggle with paying my loans and working with a representative to have my payments lower to no avail. There has been 2 class action suit won over the same issue in 2 other states. should be the next class action suit won! Since the school had closed, I 'm unable to log into my school email account to retrieve my school files or else I would be able to provide you with more detailed information."
BERTopic,B8,Online BERTopic cluster 8,1070207,,"I am and have been a veteran of the . Navient, the holders of my loan did not inform me I had the right to have it forgiven under the federal discharge program. When I informed them of the situation they up it under forbearance, then when that time was up they attempted to charge me, then extended it again for three months. I just now found the CFPB is filing suit for this practice. Please have this information removed from all three of my reports until the findings are satisfied. My account number with Navient is ."
BERTopic,B9,Online BERTopic cluster 9,1006919,,"Back in I contacted Dovenmuehle Mortgage to inquire about their forbearance options. after consideration, i declined however they placed my loan into forbearance based on my inquiry alone and ceased accepting automatic payments without my knowledge or consent. Thereafter my loan was reported as delinquent to the credit bureaus witch has resulted in lowering of my credit score significantly. When i contacted them in , i was told there was a system issue and they will not charge me any late fess, however they "" accidentally '' reported me to the credit bureaus as late. They were going to fix it right away, however i did not see a change in the credit score for over 3 months. I called again in to inquire about them fixing my credit score only to find out that they placed my loan into forbearance again, stopped my automated payments and charged me a late fee, and could not explain why i was charged a late fee if i was enrolled in forbearance. Also, when i asked about the fixing of the reported information to credit bureaus, i was told they are short people and do not have an estimated time when it will be fixed. We are in the process of selling the house and are unable to purchase another one due to the low credit score."
BERTopic,B9,Online BERTopic cluster 9,101877,,"I had a forbearance agreement with my former mortgage company, Specialized Loan Servicing , LLC, for the months of , and of 2020 with an expiration date of / /2020. The loan was paid off on / /2020 and therefore it was not a late payment. Yet, Specialized Loan Servicing, LLC informed that the payment was late when they know that it was not. This has adversely affect mine and my wife 's credit because of their error."
BERTopic,B9,Online BERTopic cluster 9,1044314,,From the onset of Realtime Resolutions has provided false and inaccurate billing statements. Despite paying the agreed amount on time Realtime Resolutions continues to send me billing which reflects that I am behind on payments which actually I am not. This is more than frustrating as this is the third complaint filed to have an official audit of my account. Realtime Resolutions has committed fraudulent acts by sending correspondence which reflects payment up to date. But billing statements from the past four months that indicate that I am delinquent on payments which is false.
NMF,N1,NMF topic 1,778371,0.9571546912193298,this company on my report is reporting inaccurately.
NMF,N1,NMF topic 1,1013131,0.9414488673210144,"I have a Bankruptcy Chapter listed on my , and Equifax reports. I have not filed a Bankruptcy within the last 15 years. I have disputed this Bankruptcy which is appearing on my credit reports, and the credit bureaus have left this on my reports."
NMF,N1,NMF topic 1,1085744,0.9396442770957947,"I was just looking over my credit report and found some addresses that appear to be incorrect. I have already requested this information to be deleted and I have submitted documents showing my current address on / /. I still see incorrect addresses listed ( which I would like removed please ) : Incorrect Addresses : There should only be one address listed on my report, which is : I also noticed that my name appears to be misspelled on my credit report. My name only has one correct spelling, and there should be no variations listed because my name has no variations. Please refer to the recently submitted documentation for the correct spelling of my name as well. Once again, in order to make the process of deletion easier, here are the incorrect spellings I see listed : Incorrect Names : There should only be one name listed on my report, which is : ( Not in all capital letters, I am not a corporation, I am a living human ) Once you have deleted the inaccurate names and addresses from my credit report, please send me a copy of my updated report"
NMF,N10,NMF topic 10,386482,0.6136155128479004,"On / /2019 I was alerted to a negative change to my Transunion credit report resulting in a 91 point drop in my credit score. The negative report was that my balance on the Credit Card increased {$820.00}, but what Transunion is not considering is that I transferred that balance from my Credit Card. It was just a transfer, there was no increase on my credit cards. Transunion also indicated a negative report on my credit due to an increase of {$39.00} on a Credit Card. Transunion is not showing any of the payments I made on these credit cards in the last month of over {$300.00}. My credit score should never have dropped, it was just a transfer from one card to another and if my payments were shown correctly my credit score should be back above where it belongs."
NMF,N10,NMF topic 10,346231,0.5818840861320496,"I have a couple of fraudulent credit cards that Ive told , and to dispute but they disregarded me wish dealing with my credit file."
NMF,N10,NMF topic 10,671815,0.5566517114639282,"Today I accessed your site to get all three of my scores, for free. Equifax replied with "" Onine Delivery Unavailable. '' # . I have to organize a bunch of documents to get my score, by snail mail? WHY? This is ANOTHER example of how the system is broken. I need the score TODAY to deal with an important refinancing decision. Please reply to Thank you"
NMF,N11,NMF topic 11,414284,0.7047632932662964,"There were not payment required from until / /2020 due the virus ; however, is showing late payments for andXX/ /2020. I was never late and I am requesting METHOD OF VERIFICATION AND PRECEDURED USED FOR VERIFICATION. PER MY RIGHT."
NMF,N11,NMF topic 11,285821,0.6568238735198975,THERE ARE LATE PAYMENTS ON MY ACCOUNT THAT ARE NOT ACCURATE I NEVER MADE A LATE PAYMENT
NMF,N11,NMF topic 11,932665,0.5727084279060364,"was incorrectly reporting late payment for / / and I previously submitted a CPFB complaint regarding the handling of that dispute ( see attachment ) .The CPFB complaint was resolved and the company did remove the late payment from the payment history on my reports, however, on my transunion report the payment status is still showing 30 days late. It says 30 days late for amount of . Please look at this again and correct the payment status on transunion. Account was paid in full on / / and was never late."
NMF,N12,NMF topic 12,482755,0.6770691275596619,"This is , who is submitting this CFPB complaint myself, and to inform you that there is no third party involved in the process. Regardless of the multiple written requests, the unverified accounts listed below are still reporting on my credit report in violation of federal law. The /Equifax Credit Bureaus failed to comply with the Fair Credit Reporting Act, 15 USC sections 1681i within the time declared by law and continued reporting of unconfirmed information which now, given all my attempts to address it directly with the creditor, as willful negligence and non-compliance with federal statutes. Please remove the following accounts completely from my Credit Reports : : ( Original Creditor : ) Balance : {$3300.00} o Date Opened : / / Balance : {$0.00} o Date Opened : / / Balance : {$0.00} o Date Opened : / / Balance : {$0.00} o Date Opened : / / Balance : {$0.00} o Date Opened : / / Balance : {$900.00} o Opened : / / o / / Balance : {$810.00} o ( . ) Date o Original Creditor : Date Opened : / / o ( Original Creditor : . ) Date Opened : / / o Date Opened : / / Balance : {$0.00} EQUIFAX : o Date Opened : / / Balance : {$0.00} o Date Opened : / / Balance : {$0.00} o Date Opened : / / Balance : {$0.00} o Date Opened : / / Balance : {$980.00} o Date : / / Balance : {$0.00} o / / Balance : {$810.00} o ( ) Date o A ( Original Creditor : Date o A ( Original Creditor : / / o Date Opened : / / Balance : {$0.00} : o Date Opened : / / : {$0.00} o Date Opened : / / Balance : {$0.00} o Date Opened : / / Balance : {$0.00} o Date Opened : / / Balance : {$0.00} o Date Opened : / / Balance : {$810.00} o Date Opened : / / Balance : {$0.00}"
NMF,N12,NMF topic 12,641108,0.6241199374198914,"I am , and I appreciate your taking the time to delete some of the information in my credit file ; however, there are still other accounts that need to be corrected and deleted. The 3 credit bureaus must verify these accounts under Sections 609 ( a ) ( 1 ) ( A ) and 611 ( a ) ( 1 ). ( A ). I am hoping that these disputed accounts get corrected. ( Original Creditor : ) Balance : {$50.00} ( Original Creditor : ) Balance : {$220.00} Balance : {$0.00} ( Original Creditor : ) Balance : {$1000.00} Balance : {$1000.00} , ( Original Creditor : ) XXXXBalance : {$990.00}"
NMF,N12,NMF topic 12,1147536,0.594948947429657,"This is my several request that I have been a victim of identity theft and that no one seems to care, that I want to dispute specific accounts in my credit file that do not belong to me, or that I have signed any agreement. The accounts I am challenging have nothing to do with any transactions I have done or authorized to gain products, services, or money. Please remove the following accounts in my file listed below : & ( Original Creditor : ) Balance : {$3300.00}, Date Opened : / / Balance : {$0.00}, Date Opened : / / Balance : {$0.00}, Date Opened : / / Balance : {$0.00}, Date Opened : / / Balance : {$0.00}, Date Opened : / / Balance : {$830.00}, Opened : / / ( Original Creditor : ) Balance : {$990.00}, Date Opened : / / Balance : {$830.00}, ( Original Creditor : ) Balance : {$990.00}"
NMF,N2,NMF topic 2,1260106,0.8093437552452087,"In accordance with the Fair Credit Reporting act . , , has violated my rights. 15 U.S.C 1681 section 602 A. States I have the right to privacy. 15 U.S.C 1681 Section 604 A Section 2 : It also states a consumer reporting agency can not furnish a account without my written instructions."
NMF,N2,NMF topic 2,256515,0.8093437552452087,"In accordance with the Fair Credit Reporting Act, * has violated my rights. 15 U.S.C 1681 section 602 A. states that I have the right to privacy. 15 U.S.C 1681 Section 604 A. Section 2 : It also states that a consumer reporting agency can not furnish an account without my written instructions."
NMF,N2,NMF topic 2,731483,0.8093437552452087,In accordance with the Fair Credit Reporting Act has violated my rights. 15 U.S.C. 1681 section 602 A. states I have the rights to privacy. 15 U.S.C. 1681 section 604 A section : It also states a consumer reporting agency can not furnish an account without my written instruction.
NMF,N3,NMF topic 3,1105422,0.9929010272026062,"In 2011, I was having difficulty making my mortgage payment. I tried several times to get a loan modification with Wells Fargo but was unsuccessful. I eventually ended up selling the house through the foreclosure process."
NMF,N3,NMF topic 3,1217758,0.9842291474342346,"I have a student loan that is serviced by Navient. I do n't make enough money to be able to afford to pay off my loans even with income based repayment plans as I just had a daughter. My loans have ballooned out of control because I was advised to place my loans in forbearance every time I called and asked what my options are. This loan will be over {$90000.00} this year. And I am paying less than the interest now. I asked about lowering my interest rate and was told that is not an option. Navient, like any other company today is looking to exploit its customers as much as it can. Whats worse is I did n't have a choice in this matter."
NMF,N3,NMF topic 3,955326,0.9769718647003174,We did a refinance with Wells Fargo. The closing was / / . At the closing they said that it is difficult to calculate the payoff of the old mortgage and that we were getting {$3000.00} more than we needed. I think its a scam. They have to get closer than that. Now it is / / and we are still waiting for our . How many people per year do they do that too? Interest they make would be staggering. Again I believe it is a scam.
NMF,N4,NMF topic 4,661001,0.9811215996742249,"Enhanced Recovery Company, LLC has corresponded and called me continuously in reference to a debt they allege I some how owe them and I have never signed a contract with them. So I sent them a letter requesting they verify this alleged debt and they ignored it and are still trying to pursue this alleged debt"
NMF,N4,NMF topic 4,474841,0.9134278893470764,"I have received a collection letter from Caine & Weiner a debt in the amount of {$600.00} to . I have NEVER requested insurance from ; however, this policy covered a car which belonged to my son on which I was a co-borrower. IF I am responsible for this debt why did not contact me BEFORE turning it over for collection!? This seems to be an unfair and deceptive practice. The debt dates back to 2017! I am asking that provide proof that I am responsible for this debt AND an explanation as to why I was not contacted prior to the debt being sent for collection."
NMF,N4,NMF topic 4,528011,0.894124448299408,I called and requested a debt validation letter and area manager stated that he can not provide a debt validation letter and that I must obtain the information from the courts.
NMF,N5,NMF topic 5,787606,0.9713405966758728,I never had an account with this is a fraudulent account thats been opened in my name
NMF,N5,NMF topic 5,666137,0.8957849144935608,Account number ending in .
NMF,N5,NMF topic 5,1007823,0.6011196970939636,"Someone used information to obtain account # on / / , account on / / , account # on / /"
NMF,N6,NMF topic 6,1061205,0.9999469518661499,I have been a victim of identity theft
NMF,N6,NMF topic 6,953144,0.9999469518661499,I am a victim of identity theft
NMF,N6,NMF topic 6,890197,0.7093331217765808,"I am a victim of identity theft. , ) have fraudulent accounts on my profile that need to be removed immediately."
NMF,N7,NMF topic 7,1191917,0.8143336176872253,Incorrect Credit Inquiries / / / / / / / / / / XXXXDEpt of Ed
NMF,N7,NMF topic 7,838965,0.6236766576766968,I was told by 4 different companies that the inquiry they were pulling would be a soft inquiry which were all done in this the last month yet each Company did a hard inquiry without my consent. There websites said that the inquiry would not affect my credit yet they are all on my credit report and have impacted my score substantially. I am furious and need this resolved.
NMF,N7,NMF topic 7,937058,0.6052350997924805,There are many Hard Inquiries in my credit report that I am not familiar with
NMF,N8,NMF topic 8,914292,0.8461833596229553,"On / /2020 I sent a letter regarding inaccurate and unknown things on my credit report, to this day over 60 days later I have not received a response yet. I feel like I am being taken advantage of and being ignored of my disputes. Section 611 ( a ) it is plainly stated that a failure to investigate these items within 30 days gives a reason to immediately remove those items on my credit report it has been over 60 days so they should be deleted promptly. I demand these accounts be deleted immediately or i will file for litigation due to the stress you caused me. My information was also impacted by the data breach and may have got into the hands of the wrong person."
NMF,N8,NMF topic 8,1218342,0.8357746005058289,"On / /2022, I sent a letter regarding inaccurate and unknown things on my credit report to this day over 30 days later I have not received a response yet. I feel like I am taken advantage of and being ignored for my disputes. Section 611 ( a ), it is plainly stated that failure to investigate these items within 30 days gives a reason to immediately remove those items from my credit report, it has been over 30 days so they should be deleted promptly. I demand these accounts should be deleted immediately or I will file for litigation due to the stress you caused me. My information was also impacted by the Equifax Data breach and may have got into the hands of the wrong person."
NMF,N8,NMF topic 8,1258086,0.8357746005058289,"On / /2020 I sent a letter regarding inaccurate and unknown things on my credit report, to this day over 60 days later I have not received a response yet. I feel like I am being taken advantage of and being ignored of my disputes. Section 611 ( a ) it is plainly stated that a failure to investigate these items within 30 days gives a reason to immediately remove those items on my credit report it has been over 60 days so they should be deleted promptly. I demand these accounts be deleted immediately or i will file for litigation due to the stress you caused me. My information was also impacted by the Equifax data breach and may have got into the hands of the wrong person."
NMF,N9,NMF topic 9,1197981,0.8305330872535706,"My name is this complaint is not made in error neither is it being made by a third party.I declare under penalty of perjury I am alleging that a person or company- without my authorization- from unauthorized use of my social security number and card used my personal identifying information to apply for goods, services, or money ; and, was successful in creating some accounts. I have no knowledge of this and All is being investigated by the FTC and Under 15 U.S. Code 1681b Permissible purposes of consumer reports i never gave any written consent to report anything on my consumer reports no consent is fraud."
NMF,N9,NMF topic 9,346602,0.8305330872535706,"My name this complaint is not made in error neither is it being made by a third party.I declare under penalty of perjury I am alleging that a person or company- without my authorization- from unauthorized use of my social security number and card used my personal identifying information to apply for goods, services, or money ; and, was successful in creating some accounts. I have no knowledge of this and All is being investigated by the FTC and Under 15 U.S. Code 1681b Permissible purposes of consumer reports i never gave any written consent to report anything on my consumer reports no consent is fraud."
NMF,N9,NMF topic 9,617814,0.8305330872535706,"My name is this complaint is not made in error neither is it being made by a third party.I declare under penalty of perjury I am alleging that a person or company- without my authorization- from unauthorized use of my social security number and card used my personal identifying information to apply for goods, services, or money ; and, was successful in creating some accounts. I have no knowledge of this and All is being investigated by the FTC and Under 15 U.S. Code 1681b Permissible purposes of consumer reports i never gave any written consent to report anything on my consumer reports no consent is fraud."
